{
  "Create new character" : {
    "transaction" : "Create new character",
    "sampleCount" : 16000,
    "errorCount" : 0,
    "errorPct" : 0.0,
    "meanResTime" : 668.9423125000021,
    "medianResTime" : 2.0,
    "minResTime" : 0.0,
    "maxResTime" : 5920.0,
    "pct1ResTime" : 3939.0,
    "pct2ResTime" : 4030.0,
    "pct3ResTime" : 5895.0,
    "throughput" : 2366.8639053254437,
    "receivedKBytesPerSec" : 640.6800399870563,
    "sentKBytesPerSec" : 511.03111131656806
  },
  "Update chacretrs by ID" : {
    "transaction" : "Update chacretrs by ID",
    "sampleCount" : 16000,
    "errorCount" : 0,
    "errorPct" : 0.0,
    "meanResTime" : 4.7439374999999915,
    "medianResTime" : 1.0,
    "minResTime" : 0.0,
    "maxResTime" : 167.0,
    "pct1ResTime" : 9.0,
    "pct2ResTime" : 27.0,
    "pct3ResTime" : 68.0,
    "throughput" : 2397.36290080911,
    "receivedKBytesPerSec" : 637.2232731495354,
    "sentKBytesPerSec" : 522.505712466287
  },
  "Delete chracter by id" : {
    "transaction" : "Delete chracter by id",
    "sampleCount" : 16000,
    "errorCount" : 0,
    "errorPct" : 0.0,
    "meanResTime" : 4.405249999999984,
    "medianResTime" : 1.0,
    "minResTime" : 0.0,
    "maxResTime" : 167.0,
    "pct1ResTime" : 9.0,
    "pct2ResTime" : 26.0,
    "pct3ResTime" : 61.0,
    "throughput" : 2399.5200959808035,
    "receivedKBytesPerSec" : 686.5814337132573,
    "sentKBytesPerSec" : 426.69117543678766
  },
  "Total" : {
    "transaction" : "Total",
    "sampleCount" : 80000,
    "errorCount" : 10292,
    "errorPct" : 12.865,
    "meanResTime" : 137.4423499999989,
    "medianResTime" : 1.0,
    "minResTime" : 0.0,
    "maxResTime" : 5920.0,
    "pct1ResTime" : 1.0,
    "pct2ResTime" : 5.0,
    "pct3ResTime" : 5880.0,
    "throughput" : 11832.56914657595,
    "receivedKBytesPerSec" : 7102.787644671646,
    "sentKBytesPerSec" : 2182.6840634706405
  },
  "Get all characters" : {
    "transaction" : "Get all characters",
    "sampleCount" : 16000,
    "errorCount" : 0,
    "errorPct" : 0.0,
    "meanResTime" : 4.560250000000016,
    "medianResTime" : 1.0,
    "minResTime" : 0.0,
    "maxResTime" : 167.0,
    "pct1ResTime" : 10.0,
    "pct2ResTime" : 27.0,
    "pct3ResTime" : 59.0,
    "throughput" : 2397.0037453183522,
    "receivedKBytesPerSec" : 4585.341906601124,
    "sentKBytesPerSec" : 369.8501872659176
  },
  "Get characters by ID" : {
    "transaction" : "Get characters by ID",
    "sampleCount" : 16000,
    "errorCount" : 10292,
    "errorPct" : 64.325,
    "meanResTime" : 4.560000000000023,
    "medianResTime" : 1.0,
    "minResTime" : 0.0,
    "maxResTime" : 119.0,
    "pct1ResTime" : 9.0,
    "pct2ResTime" : 24.0,
    "pct3ResTime" : 68.0,
    "throughput" : 2398.0815347721823,
    "receivedKBytesPerSec" : 637.4160437275181,
    "sentKBytesPerSec" : 374.91408240595024
  }
}