{
  "Create new character" : {
    "transaction" : "Create new character",
    "sampleCount" : 24933,
    "errorCount" : 0,
    "errorPct" : 0.0,
    "meanResTime" : 866.6305699274067,
    "medianResTime" : 92.0,
    "minResTime" : 1.0,
    "maxResTime" : 31014.0,
    "pct1ResTime" : 125.0,
    "pct2ResTime" : 154.0,
    "pct3ResTime" : 29143.0,
    "throughput" : 756.8757209641187,
    "receivedKBytesPerSec" : 205.51449801924593,
    "sentKBytesPerSec" : 163.4171007471465
  },
  "Update chacretrs by ID" : {
    "transaction" : "Update chacretrs by ID",
    "sampleCount" : 24260,
    "errorCount" : 0,
    "errorPct" : 0.0,
    "meanResTime" : 81.36005770816088,
    "medianResTime" : 89.0,
    "minResTime" : 1.0,
    "maxResTime" : 236.0,
    "pct1ResTime" : 118.0,
    "pct2ResTime" : 129.95000000000073,
    "pct3ResTime" : 156.0,
    "throughput" : 800.7393471300788,
    "receivedKBytesPerSec" : 213.51207679390697,
    "sentKBytesPerSec" : 175.19544787850282
  },
  "Delete chracter by id" : {
    "transaction" : "Delete chracter by id",
    "sampleCount" : 24036,
    "errorCount" : 0,
    "errorPct" : 0.0,
    "meanResTime" : 81.69158761857207,
    "medianResTime" : 89.0,
    "minResTime" : 1.0,
    "maxResTime" : 236.0,
    "pct1ResTime" : 118.0,
    "pct2ResTime" : 130.0,
    "pct3ResTime" : 154.0,
    "throughput" : 793.7650672038571,
    "receivedKBytesPerSec" : 227.12223114329117,
    "sentKBytesPerSec" : 141.81818580545558
  },
  "Total" : {
    "transaction" : "Total",
    "sampleCount" : 121750,
    "errorCount" : 22782,
    "errorPct" : 18.712114,
    "meanResTime" : 242.46840246406472,
    "medianResTime" : 118.0,
    "minResTime" : 1.0,
    "maxResTime" : 31014.0,
    "pct1ResTime" : 146.0,
    "pct2ResTime" : 194.0,
    "pct3ResTime" : 29143.0,
    "throughput" : 3695.889745613503,
    "receivedKBytesPerSec" : 8623.428908906184,
    "sentKBytesPerSec" : 684.289930977172
  },
  "Get all characters" : {
    "transaction" : "Get all characters",
    "sampleCount" : 24368,
    "errorCount" : 0,
    "errorPct" : 0.0,
    "meanResTime" : 82.3665873276421,
    "medianResTime" : 90.0,
    "minResTime" : 1.0,
    "maxResTime" : 331.0,
    "pct1ResTime" : 120.0,
    "pct2ResTime" : 132.0,
    "pct3ResTime" : 183.0,
    "throughput" : 804.2775100666711,
    "receivedKBytesPerSec" : 8499.463499808156,
    "sentKBytesPerSec" : 124.0975064360684
  },
  "Get characters by ID" : {
    "transaction" : "Get characters by ID",
    "sampleCount" : 24153,
    "errorCount" : 22782,
    "errorPct" : 94.323685,
    "meanResTime" : 81.49650146979691,
    "medianResTime" : 89.0,
    "minResTime" : 1.0,
    "maxResTime" : 236.0,
    "pct1ResTime" : 118.0,
    "pct2ResTime" : 130.0,
    "pct3ResTime" : 156.0,
    "throughput" : 797.2865914042384,
    "receivedKBytesPerSec" : 212.5809643617548,
    "sentKBytesPerSec" : 125.31833216767346
  }
}