{
  "Create new character" : {
    "transaction" : "Create new character",
    "sampleCount" : 100,
    "errorCount" : 0,
    "errorPct" : 0.0,
    "meanResTime" : 4.93,
    "medianResTime" : 2.0,
    "minResTime" : 1.0,
    "maxResTime" : 40.0,
    "pct1ResTime" : 9.900000000000006,
    "pct2ResTime" : 39.94999999999999,
    "pct3ResTime" : 40.0,
    "throughput" : 106.04453870625663,
    "receivedKBytesPerSec" : 28.59681534994698,
    "sentKBytesPerSec" : 22.89485021208908
  },
  "Update chacretrs by ID" : {
    "transaction" : "Update chacretrs by ID",
    "sampleCount" : 100,
    "errorCount" : 0,
    "errorPct" : 0.0,
    "meanResTime" : 1.3700000000000003,
    "medianResTime" : 1.0,
    "minResTime" : 0.0,
    "maxResTime" : 8.0,
    "pct1ResTime" : 3.9000000000000057,
    "pct2ResTime" : 5.0,
    "pct3ResTime" : 8.0,
    "throughput" : 112.73957158962796,
    "receivedKBytesPerSec" : 29.85396702367531,
    "sentKBytesPerSec" : 24.459202367531002
  },
  "Delete chracter by id" : {
    "transaction" : "Delete chracter by id",
    "sampleCount" : 100,
    "errorCount" : 0,
    "errorPct" : 0.0,
    "meanResTime" : 0.9899999999999994,
    "medianResTime" : 1.0,
    "minResTime" : 0.0,
    "maxResTime" : 4.0,
    "pct1ResTime" : 2.0,
    "pct2ResTime" : 3.0,
    "pct3ResTime" : 4.0,
    "throughput" : 113.50737797956867,
    "receivedKBytesPerSec" : 32.47818530079455,
    "sentKBytesPerSec" : 20.06996665720772
  },
  "Total" : {
    "transaction" : "Total",
    "sampleCount" : 500,
    "errorCount" : 0,
    "errorPct" : 0.0,
    "meanResTime" : 1.8919999999999977,
    "medianResTime" : 1.0,
    "minResTime" : 0.0,
    "maxResTime" : 40.0,
    "pct1ResTime" : 3.0,
    "pct2ResTime" : 5.0,
    "pct3ResTime" : 39.99000000000001,
    "throughput" : 528.5412262156448,
    "receivedKBytesPerSec" : 158.25474035412262,
    "sentKBytesPerSec" : 97.17725951374207
  },
  "Get all characters" : {
    "transaction" : "Get all characters",
    "sampleCount" : 100,
    "errorCount" : 0,
    "errorPct" : 0.0,
    "meanResTime" : 1.2400000000000004,
    "medianResTime" : 1.0,
    "minResTime" : 0.0,
    "maxResTime" : 7.0,
    "pct1ResTime" : 3.0,
    "pct2ResTime" : 5.0,
    "pct3ResTime" : 7.0,
    "throughput" : 112.61261261261261,
    "receivedKBytesPerSec" : 46.36032516891892,
    "sentKBytesPerSec" : 17.37577421171171
  },
  "Get characters by ID" : {
    "transaction" : "Get characters by ID",
    "sampleCount" : 100,
    "errorCount" : 0,
    "errorPct" : 0.0,
    "meanResTime" : 0.9299999999999997,
    "medianResTime" : 1.0,
    "minResTime" : 0.0,
    "maxResTime" : 5.0,
    "pct1ResTime" : 2.9000000000000057,
    "pct2ResTime" : 3.9499999999999886,
    "pct3ResTime" : 4.989999999999995,
    "throughput" : 113.25028312570781,
    "receivedKBytesPerSec" : 29.98920583238958,
    "sentKBytesPerSec" : 17.591396517553793
  }
}