{
  "Create new character" : {
    "transaction" : "Create new character",
    "sampleCount" : 2000,
    "errorCount" : 0,
    "errorPct" : 0.0,
    "meanResTime" : 709.4140000000001,
    "medianResTime" : 39.5,
    "minResTime" : 0.0,
    "maxResTime" : 2259.0,
    "pct1ResTime" : 2069.9,
    "pct2ResTime" : 2164.95,
    "pct3ResTime" : 2239.98,
    "throughput" : 622.6650062266501,
    "receivedKBytesPerSec" : 168.48865095734743,
    "sentKBytesPerSec" : 134.43939475015566
  },
  "Update chacretrs by ID" : {
    "transaction" : "Update chacretrs by ID",
    "sampleCount" : 2000,
    "errorCount" : 0,
    "errorPct" : 0.0,
    "meanResTime" : 4.633000000000002,
    "medianResTime" : 2.0,
    "minResTime" : 0.0,
    "maxResTime" : 99.0,
    "pct1ResTime" : 5.0,
    "pct2ResTime" : 16.0,
    "pct3ResTime" : 56.0,
    "throughput" : 636.7398917542184,
    "receivedKBytesPerSec" : 169.1834681431073,
    "sentKBytesPerSec" : 138.71446941658706
  },
  "Delete chracter by id" : {
    "transaction" : "Delete chracter by id",
    "sampleCount" : 2000,
    "errorCount" : 0,
    "errorPct" : 0.0,
    "meanResTime" : 4.308999999999994,
    "medianResTime" : 2.0,
    "minResTime" : 0.0,
    "maxResTime" : 64.0,
    "pct1ResTime" : 5.0,
    "pct2ResTime" : 12.0,
    "pct3ResTime" : 44.0,
    "throughput" : 641.6426050689766,
    "receivedKBytesPerSec" : 183.59500320821303,
    "sentKBytesPerSec" : 114.03912766682707
  },
  "Total" : {
    "transaction" : "Total",
    "sampleCount" : 10000,
    "errorCount" : 1643,
    "errorPct" : 16.43,
    "meanResTime" : 145.64960000000013,
    "medianResTime" : 3.0,
    "minResTime" : 0.0,
    "maxResTime" : 2259.0,
    "pct1ResTime" : 57.0,
    "pct2ResTime" : 1478.0,
    "pct3ResTime" : 2164.99,
    "throughput" : 3111.3876789047918,
    "receivedKBytesPerSec" : 1117.2671077706907,
    "sentKBytesPerSec" : 573.7605495488488
  },
  "Get all characters" : {
    "transaction" : "Get all characters",
    "sampleCount" : 2000,
    "errorCount" : 0,
    "errorPct" : 0.0,
    "meanResTime" : 5.436500000000008,
    "medianResTime" : 4.0,
    "minResTime" : 0.0,
    "maxResTime" : 99.0,
    "pct1ResTime" : 7.0,
    "pct2ResTime" : 16.0,
    "pct3ResTime" : 43.0,
    "throughput" : 635.9300476947536,
    "receivedKBytesPerSec" : 449.80127186009537,
    "sentKBytesPerSec" : 98.12201907790143
  },
  "Get characters by ID" : {
    "transaction" : "Get characters by ID",
    "sampleCount" : 2000,
    "errorCount" : 1643,
    "errorPct" : 82.15,
    "meanResTime" : 4.455500000000005,
    "medianResTime" : 2.0,
    "minResTime" : 0.0,
    "maxResTime" : 66.0,
    "pct1ResTime" : 5.0,
    "pct2ResTime" : 14.949999999999818,
    "pct3ResTime" : 45.0,
    "throughput" : 637.551801083838,
    "receivedKBytesPerSec" : 169.4023076386675,
    "sentKBytesPerSec" : 99.61466717803634
  }
}